Designator,Footprint,Quantity,Value,LCSC Part #
"C1, C10, C12, C13, C14, C15, C16, C17, C18, C2, C3, C8",CAPC1608X90N,12,1uF,
"C11, C9",CAPC1608X90N,2,4.7uF,
"C4, C6, C7",CAPC1608X90N,3,0.1uF,
C5,CAPC1608X90N,1,10uF,
D1,LED_KT-0603R,1,KT-0603R,
"D2, D3, D4",SOD3715X145N,3,B0530W-7-F,
J1,G-SWITCH_GT-USB-7010B,1,GT-USB-7010B,
J2,JST_S2B-PH-K-S_LF__SN_,1,S2B-PH-K-S_LF__SN_,
J3,HRS_FH34SRJ-24S-0.5SH_50_,1,FH34SRJ-24S-0.5SH_50_,
L1,WE-TPC_4828,1,47uH 500mA,
Q1,SOT91P240X110-3N,1,2N7002K-7,
"R1, R3, R4",RESC1607X60N,3,1k,
R2,R0603,1,2K,RC0603FR-072KL
"R5, R7",RESC1607X60N,2,1M,
R6,RESC1608X60N,1,200K Ohms,RC0603FR-07200KL
R8,RESC1608X55N,1,2.2R,
S1,SW_EVP-AEDB2A,1,RESET,
S2,SW_EVP-AEDB2A,1,BOOT,
S3,SW_EVP-AEDB2A,1,SETTING1,
S4,SW_EVP-AEDB2A,1,SETTING2,
U1,XCVR_ESP32-S3-MINI-1-N8,1,ESP32-S3-MINI-1-N8,
U2,SON40P200X200X80-11N,1,BQ24040DSQR,
U3,SON65P200X200X80-7N,1,TLV75801PDRVR,
U4,IC_ESD7104MUTAG,1,ESD7104MUTAG,
