Designator,Mid X,Mid Y,Rotation,Layer
C1,145.17,-100.32,0.0,bottom
C10,152.69,-93.75,0.0,bottom
C11,143.96,-93.15,90.0,bottom
C12,133.58,-90.29,180.0,top
C13,133.44,-92.32,180.0,top
C14,133.45,-93.92,180.0,top
C15,133.44,-95.49,180.0,top
C16,133.41,-97.1,180.0,top
C17,133.4,-98.7,180.0,top
C18,137.35,-102.19,0.0,top
C2,154.51,-100.44,180.0,bottom
C3,164.09,-104.87,270.0,bottom
C4,152.75,-84.29,270.0,bottom
C5,154.43,-84.29,270.0,bottom
C6,164.62,-97.57,0.0,top
C7,135.02,-84.9,90.0,top
C8,165.92,-93.61,180.0,bottom
C9,150.72,-84.29,270.0,bottom
D1,163.55,-96.19,180.0,bottom
D2,153.47,-89.87,90.0,bottom
D3,148.27,-93.88,0.0,bottom
D4,140.66,-99.4,0.0,bottom
J1,149.98,-107.41,0.0,top
J2,159.45,-100.5675,0.0,bottom
J3,135.32,-94.04,90.0,bottom
L1,146.41,-84.47,0.0,bottom
Q1,144.99,-89.5,0.0,bottom
R1,145.12,-98.48,0.0,bottom
R2,144.96,-96.95,90.0,bottom
R3,163.61,-97.89,180.0,bottom
R4,155.06,-97.53,0.0,bottom
R5,167.38,-98.3,180.0,bottom
R6,167.28,-96.6,0.0,bottom
R7,138.58,-86.97,90.0,bottom
R8,138.59,-90.09,90.0,bottom
S1,168.85,-85.7,90.0,top
S2,131.15,-85.67,270.0,top
S3,131.14,-103.44,270.0,top
S4,168.84,-103.46,90.0,top
U1,149.15,-88.76,270.0,top
U2,150.775,-98.54,180.0,bottom
U3,165.115,-101.37,0.0,bottom
U4,150.21,-100.81,90.0,top
